<metadata xml:lang="en"><Esri><CreaDate>20171019</CreaDate><CreaTime>14231100</CreaTime><ArcGISFormat>1.0</ArcGISFormat><ArcGISstyle>North American Profile of ISO19115 2003</ArcGISstyle><SyncOnce>FALSE</SyncOnce><DataProperties><itemProps><itemName Sync="TRUE">Maritimes_LargeGorgonians_ExtrapolatedArea_Model3.tif</itemName><itemLocation><linkage Sync="TRUE">file://D:\Data\BEP_Databases\Metadata\FGP_Mendeley\Mendeley_Final_Projects\KDE_SBA_2016_FGP\SDM\Maritimes\rasters\Maritimes_LargeGorgonians_ExtrapolatedArea_Model3.tif</linkage><protocol Sync="TRUE">Local Area Network</protocol></itemLocation><nativeExtBox><westBL Sync="TRUE">-67.743057</westBL><eastBL Sync="TRUE">-54.901157</eastBL><southBL Sync="TRUE">40.030963</southBL><northBL Sync="TRUE">47.835846</northBL><exTypeCode Sync="TRUE">1</exTypeCode></nativeExtBox><imsContentType Sync="TRUE" export="False">002</imsContentType></itemProps><coordRef><type Sync="TRUE">Geographic</type><geogcsn Sync="TRUE">GCS_WGS_1984</geogcsn><csUnits Sync="TRUE">Angular Unit: Degree (0.017453)</csUnits><peXml Sync="TRUE">&lt;GeographicCoordinateSystem xsi:type='typens:GeographicCoordinateSystem' xmlns:xsi='http://www.w3.org/2001/XMLSchema-instance' xmlns:xs='http://www.w3.org/2001/XMLSchema' xmlns:typens='http://www.esri.com/schemas/ArcGIS/10.6'&gt;&lt;WKT&gt;GEOGCS[&amp;quot;GCS_WGS_1984&amp;quot;,DATUM[&amp;quot;D_WGS_1984&amp;quot;,SPHEROID[&amp;quot;WGS_1984&amp;quot;,6378137.0,298.257223563]],PRIMEM[&amp;quot;Greenwich&amp;quot;,0.0],UNIT[&amp;quot;Degree&amp;quot;,0.0174532925199433],AUTHORITY[&amp;quot;EPSG&amp;quot;,4326]]&lt;/WKT&gt;&lt;XOrigin&gt;-400&lt;/XOrigin&gt;&lt;YOrigin&gt;-400&lt;/YOrigin&gt;&lt;XYScale&gt;11258999068426.238&lt;/XYScale&gt;&lt;ZOrigin&gt;-100000&lt;/ZOrigin&gt;&lt;ZScale&gt;10000&lt;/ZScale&gt;&lt;MOrigin&gt;-100000&lt;/MOrigin&gt;&lt;MScale&gt;10000&lt;/MScale&gt;&lt;XYTolerance&gt;8.983152841195215e-09&lt;/XYTolerance&gt;&lt;ZTolerance&gt;0.001&lt;/ZTolerance&gt;&lt;MTolerance&gt;0.001&lt;/MTolerance&gt;&lt;HighPrecision&gt;true&lt;/HighPrecision&gt;&lt;LeftLongitude&gt;-180&lt;/LeftLongitude&gt;&lt;WKID&gt;4326&lt;/WKID&gt;&lt;LatestWKID&gt;4326&lt;/LatestWKID&gt;&lt;/GeographicCoordinateSystem&gt;</peXml></coordRef><RasterProperties><General><PixelDepth Sync="TRUE">16</PixelDepth><HasColormap Sync="TRUE">FALSE</HasColormap><CompressionType Sync="TRUE">LZW</CompressionType><NumBands Sync="TRUE">1</NumBands><Format Sync="TRUE">TIFF</Format><HasPyramids Sync="TRUE">TRUE</HasPyramids><SourceType Sync="TRUE">continuous</SourceType><PixelType Sync="TRUE">signed integer</PixelType><NoDataValue Sync="TRUE">32767</NoDataValue></General></RasterProperties><lineage><Process ToolSource="c:\program files (x86)\arcgis\desktop10.2\ArcToolbox\Toolboxes\Data Management Tools.tbx\CopyRaster" Date="20171026" Time="100026" Name="" export="">CopyRaster "C:\JaviData\request\Lindsay\Sponges and Coral CSAS_2016_Diana_Cardoso_v2\Maritimes\Large_Gorgonians\rasters\Scotian_Shelf_LargeGorgonians_ExtrapolatedArea_Model3.tif" "C:\JaviData\request\Lindsay\Sponges and Coral CSAS_2016_Diana_Cardoso_v2\new\GDB\SDM_Random_Forest_Coral_Sponge_2016.gdb\Scotian_Shelf_LargeGorgonians_ExtrapolatedArea_Model3" # # -32768 NONE NONE # NONE NONE</Process><Process ToolSource="c:\program files (x86)\arcgis\desktop10.2\ArcToolbox\Toolboxes\Data Management Tools.tbx\CopyRaster" Date="20171026" Time="140533" Name="" export="">CopyRaster "C:\JaviData\request\Lindsay\Sponges and Coral CSAS_2016_Diana_Cardoso_v2\new\GDB\old\SDM_Random_Forest_Coral_Sponge_2016.gdb\Scotian_Shelf_LargeGorgonians_ExtrapolatedArea_Model3" "C:\JaviData\request\Lindsay\Sponges and Coral CSAS_2016_Diana_Cardoso_v2\new\GDB\Maritimes_SBA_KDE_SDM_Corals_Songes_2016.gdb\Scotian_Shelf_LargeGorgonians_ExtrapolatedArea_Model3" # # 32767 NONE NONE # NONE NONE</Process></lineage></DataProperties><SyncDate>20190118</SyncDate><SyncTime>12210300</SyncTime><ModDate>20190118</ModDate><ModTime>12210300</ModTime><locales><locale language="eng" country="CA" xmlns=""><resTitle>Scotian Shelf</resTitle></locale></locales><scaleRange><minScale>625000</minScale><maxScale>5000</maxScale></scaleRange><ArcGISProfile>ISO19139</ArcGISProfile></Esri><mdChar><CharSetCd value="004"/></mdChar><mdContact xmlns=""><rpCntInfo><cntAddress><eMailAdd>DFO.OESDDataRequest-DSEMDemandededonnes.MPO@dfo-mpo.gc.ca</eMailAdd><delPoint>P.O. Box 1006, 1 Challenger Dr.</delPoint><city>Dartmouth</city><adminArea>Nova Scotia</adminArea><postCode>B2Y 4A2</postCode><country>CA</country></cntAddress></rpCntInfo><rpIndName>Ocean and Ecosystem Sciences Division</rpIndName><rpOrgName>Government of Canada;  Fisheries Oceans Canada</rpOrgName><rpPosName>Science Information Officer</rpPosName><displayName>Tobias Spears</displayName><role><RoleCd value="001"/></role></mdContact><distInfo xmlns=""><distFormat xmlns=""><formatVer>N/A</formatVer><formatName Sync="TRUE">Raster Dataset</formatName></distFormat><distributor xmlns=""><distorCont xmlns=""><rpIndName>Ocean and Ecosystem Sciences Division</rpIndName><rpOrgName>Government of Canada; Fisheries Oceans Canada</rpOrgName><rpPosName>Science Information Officer</rpPosName><role><RoleCd value="001"/></role><displayName>Ocean and Ecosystem Sciences Division</displayName></distorCont></distributor></distInfo><dataIdInfo><idCitation xmlns=""><presForm xmlns=""><fgdcGeoform>map</fgdcGeoform><PresFormCd value="005" Sync="TRUE"/></presForm><date><createDate>2016-06-29T00:00:00</createDate></date><citId xmlns=""><identCode>Fs70-5/2016-093E-PDF</identCode><identAuth xmlns=""><resTitle>Delineation of Coral and Sponge Significant Benthic Areas in Eastern Canada Using Kernel Density Analyses and Species Distribution Models</resTitle><date><createDate>2016-06-29T00:00:00</createDate></date><citOnlineRes xmlns=""><linkage>http://publications.gc.ca/site/eng/9.828494/publication.html</linkage><orName>Delineation of Coral and Sponge Significant Benthic Areas in Eastern Canada Using Kernel Density Analyses and Species Distribution Models</orName><orDesc>Canadian Science Advisory Secretariat research document</orDesc><orFunct><OnFunctCd value="001"/></orFunct></citOnlineRes><presForm xmlns=""><fgdcGeoform>document</fgdcGeoform><PresFormCd value="001"/></presForm><issn>1919-5044</issn></identAuth></citId><citRespParty xmlns=""><rpIndName>Ellen Kenchington</rpIndName><rpOrgName>Government of Canada;  Fisheries and Oceans Canada</rpOrgName><rpPosName>Research Scientist</rpPosName><rpCntInfo xmlns=""><cntAddress addressType="both"><eMailAdd>Ellen.Kenchington@dfo-mpo.gc.ca</eMailAdd><delPoint>Bedford Institute of Oceanography, 1 Challenger Drive, PO Box 1006</delPoint><city>Dartmouth</city><adminArea>Nova Scotia</adminArea><postCode>B2Y 4A2</postCode><country>CA</country></cntAddress></rpCntInfo><displayName>Ellen Kenchington</displayName><role><RoleCd value="003"/></role></citRespParty><citId xmlns=""><identCode>Fs97-6/3172E-PDF</identCode><identAuth xmlns=""><resTitle>Species Distribution Modelling of Corals and Sponges in the Maritimes Region for Use in the Identification of Significant Benthic Areas</resTitle><date><createDate>2016-05-01T00:00:00</createDate></date><isbn>978-0-660-05696-8 </isbn><issn>1488-5379</issn><citOnlineRes xmlns=""><linkage>http://science-catalogue.canada.ca/record=4043100&amp;searchscope=06</linkage><orName>Species Distribution Modelling of Corals and Sponges in the Maritimes Region for Use in the Identification of Significant Benthic Areas</orName><orDesc>Canadian Technical Report of Fisheries and Aquatic Sciences</orDesc><orFunct><OnFunctCd value="001"/></orFunct></citOnlineRes><presForm xmlns=""><fgdcGeoform>document</fgdcGeoform><PresFormCd value="001"/></presForm></identAuth></citId><resTitle Sync="TRUE">Maritimes_LargeGorgonians_ExtrapolatedArea_Model3.tif</resTitle></idCitation><descKeys><thesaName uuidref="723f6998-058e-11dc-8314-0800200c9a66"/></descKeys><idCredit>Fisheries and Oceans Canada, Bedford Institute of Oceanography, P.O. Box 1006, Dartmouth, NS, Canada B2Y 4A2</idCredit><searchKeys><keyword>Scotian Shelf</keyword><keyword>Maritimes Region</keyword><keyword>Large Gorgonian Coral</keyword><keyword>Deep-Sea Coral</keyword><keyword>Presence Probability</keyword><keyword>Extrapolated Area</keyword><keyword>Model 3</keyword><keyword>Random Forest.</keyword></searchKeys><themeKeys xmlns=""><thesaLang><languageCode value="eng"/><countryCode value="CA"/></thesaLang><keyword>Scotian Shelf, Maritimes Region, Large Gorgonian Coral, Deep-Sea Coral, Presence Probability, Extrapolated Area, Model 3, Random Forest.</keyword></themeKeys><dataChar><CharSetCd value="004"/></dataChar><dataScale><equScale><rfDenom>5000000</rfDenom></equScale><scaleDist><value uom="m">10000</value></scaleDist></dataScale><svType><genericName>The Federal Geospatial Platform</genericName></svType><idPoC xmlns=""><rpIndName>Ocean and Ecosystem Sciences Division</rpIndName><rpOrgName>Government of Canada; Fisheries Oceans Canada</rpOrgName><rpPosName>Science Information Officer</rpPosName><role><RoleCd value="001"/></role></idPoC><resMaint><maintFreq><MaintFreqCd value="009"/></maintFreq></resMaint><resConst><Consts><useLimit>&lt;DIV STYLE="text-align:Left;"&gt;&lt;DIV&gt;&lt;DIV&gt;&lt;P&gt;&lt;SPAN&gt;Please refer to the Open Government Licence - Canada&lt;/SPAN&gt;&lt;/P&gt;&lt;P&gt;&lt;A href="http://open.canada.ca/en/open-government-licence-canada"&gt;&lt;SPAN&gt;http://open.canada.ca/en/open-government-licence-canada&lt;/SPAN&gt;&lt;/A&gt;&lt;/P&gt;&lt;P&gt;&lt;SPAN /&gt;&lt;/P&gt;&lt;/DIV&gt;&lt;/DIV&gt;&lt;/DIV&gt;</useLimit></Consts></resConst><idAbs>&lt;DIV STYLE="text-align:Left;"&gt;&lt;DIV&gt;&lt;DIV&gt;&lt;P&gt;&lt;SPAN&gt;The spatial extent of the Maritimes Region reaches far beyond the Scotian Shelf and Slope, down to ~5100 m depth. Our data observations are limited to depths above ~2900 m. Extrapolation of model predictions to areas outside of the range of data observations &lt;/SPAN&gt;&lt;SPAN&gt;where the environmental conditions could be different than those used to train the model, may produce unreliable predictions in those areas&lt;/SPAN&gt;&lt;SPAN&gt;.&lt;/SPAN&gt;&lt;SPAN&gt;  For each random forest model&lt;/SPAN&gt;&lt;SPAN&gt;, we highlight those areas within the study extent where model predictions are considered extrapolated.&lt;/SPAN&gt;&lt;/P&gt;&lt;P&gt;&lt;SPAN /&gt;&lt;/P&gt;&lt;/DIV&gt;&lt;/DIV&gt;&lt;/DIV&gt;</idAbs><idPurp>This grid represents the areas of model extrapolation that correspond to the random forest presence probability model of large gorgonian corals from the Maritimes Region. Extrapolated areas are those areas where at least one environmental layer has values above and below its sampled range.</idPurp><envirDesc Sync="TRUE">Microsoft Windows 7 Version 6.1 (Build 7601) Service Pack 1; Esri ArcGIS 10.6.1.9270</envirDesc><dataLang><languageCode value="eng" Sync="TRUE"/><countryCode value="CAN" Sync="TRUE"/></dataLang><spatRpType><SpatRepTypCd value="002" Sync="TRUE"/></spatRpType><dataExt><geoEle xmlns=""><GeoBndBox esriExtentType="search"><exTypeCode Sync="TRUE">1</exTypeCode><westBL Sync="TRUE">-67.743057</westBL><eastBL Sync="TRUE">-54.901157</eastBL><northBL Sync="TRUE">47.835846</northBL><southBL Sync="TRUE">40.030963</southBL></GeoBndBox></geoEle></dataExt><tpCat><TopicCatCd value="014"/></tpCat><tpCat><TopicCatCd value="002"/></tpCat></dataIdInfo><mdMaint><maintFreq><MaintFreqCd value="009"/></maintFreq></mdMaint><mdConst><Consts><useLimit>&lt;DIV STYLE="text-align:Left;"&gt;&lt;DIV&gt;&lt;DIV&gt;&lt;P&gt;&lt;SPAN&gt;Please refer to the Open Government Licence - Canada&lt;/SPAN&gt;&lt;/P&gt;&lt;P&gt;&lt;A href="http://open.canada.ca/en/open-government-licence-canada"&gt;&lt;SPAN&gt;http://open.canada.ca/en/open-government-licence-canada&lt;/SPAN&gt;&lt;/A&gt;&lt;/P&gt;&lt;P&gt;&lt;SPAN /&gt;&lt;/P&gt;&lt;/DIV&gt;&lt;/DIV&gt;&lt;/DIV&gt;</useLimit></Consts></mdConst><dqInfo><dqScope><scpLvl><ScopeCd value="005"/></scpLvl></dqScope><dataLineage><statement>Please refer to page 24 of the report: 
Kenchington, E., L. Beazley, C. Lirette, F.J. Murillo, J. Guijarro, V. Wareham, K. Gilkinson, M. Koen Alonso, H. Benoît, H. Bourdages, B. Sainte-Marie, M. Treble, and T. Siferd. 2016. Delineation of Coral and Sponge Significant Benthic Areas in Eastern Canada Using Kernel Density Analyses and Species Distribution Models. DFO Can. Sci. Advis. Sec. Res. Doc. 2016/093. vi + 178 p.
http://science-catalogue.canada.ca/record=4057780&amp;searchscope=06

Please refer to page 115 of the report: 
Beazley, L., Kenchington, E., Murillo, F.J., Lirette, C., Guijarro, J., McMillan, A., and Knudby, A. 2016. Species Distribution Modelling of Corals and Sponges in the Maritimes Region for Use in the Identification of Significant Benthic Areas. Can. Tech. Rep. Fish. Aquat. Sci. 3172: vi + 189p.
http://cat.fsl-bsf.scitech.gc.ca/record=4043100&amp;searchscope=01

</statement></dataLineage></dqInfo><spatRepInfo><Georect><axisDimension type="002"><dimSize Sync="TRUE">1030</dimSize><dimResol><value Sync="TRUE" uom="deg">0.012468</value></dimResol></axisDimension><axisDimension type="001"><dimSize Sync="TRUE">626</dimSize><dimResol><value Sync="TRUE" uom="deg">0.012468</value></dimResol></axisDimension><cellGeo><CellGeoCd Sync="TRUE" value="002"/></cellGeo><numDims Sync="TRUE">2</numDims><tranParaAv Sync="TRUE">1</tranParaAv><chkPtAv Sync="TRUE">0</chkPtAv><cornerPts><pos Sync="TRUE">-67.743057 40.030963</pos></cornerPts><cornerPts><pos Sync="TRUE">-67.743057 47.835846</pos></cornerPts><cornerPts><pos Sync="TRUE">-54.901157 47.835846</pos></cornerPts><cornerPts><pos Sync="TRUE">-54.901157 40.030963</pos></cornerPts><centerPt><pos Sync="TRUE">-61.322107 43.933404</pos></centerPt><ptInPixel><PixOrientCd Sync="TRUE" value="001"/></ptInPixel></Georect></spatRepInfo><refSysInfo><RefSystem dimension="horizontal"><refSysID><identCode Sync="FALSE" code="4326" value="26921">NAD_1983_UTM_Zone_21N</identCode><identAuth><resTitle>WGS84</resTitle><date><createDate>2010-09-01T00:00:00</createDate></date><citOnlineRes><linkage>http://spatialreference.org/ref/epsg/wgs-84/</linkage></citOnlineRes></identAuth><idCodeSpace Sync="TRUE">EPSG</idCodeSpace><idVersion Sync="TRUE">6.14(3.0.1)</idVersion></refSysID></RefSystem></refSysInfo><contInfo><ImgDesc xmlns=""><covDim><Band xmlns=""><valUnit><UOM type="length" gmlID=""/></valUnit><seqID><aName>N/A</aName></seqID><dimDescrp Sync="TRUE">Band_1</dimDescrp><maxVal Sync="TRUE">1.000000</maxVal><minVal Sync="TRUE">1.000000</minVal><bitsPerVal Sync="TRUE">16</bitsPerVal></Band></covDim><trianInd>False</trianInd><radCalDatAv>False</radCalDatAv><camCalInAv>False</camCalInAv><filmDistInAv>False</filmDistInAv><lensDistInAv>False</lensDistInAv><attDesc>Extrapolated Area</attDesc><contentTyp><ContentTypCd Sync="TRUE" value="001"/></contentTyp></ImgDesc></contInfo><dataSetFn><OnFunctCd value="001"/></dataSetFn><mdLang><languageCode value="eng" Sync="TRUE"/><countryCode value="CAN" Sync="TRUE"/></mdLang><mdHrLv><ScopeCd value="005" Sync="TRUE"/></mdHrLv><mdHrLvName Sync="TRUE">dataset</mdHrLvName><mdDateSt Sync="TRUE">20190118</mdDateSt><mdFileID>A30E7EE1-2C77-43A2-8493-303302B4A1B0</mdFileID><spdoinfo><rastinfo><rasttype Sync="TRUE">Pixel</rasttype><rowcount Sync="TRUE">626</rowcount><colcount Sync="TRUE">1030</colcount><rastxsz Sync="TRUE">0.012468</rastxsz><rastysz Sync="TRUE">0.012468</rastysz><rastbpp Sync="TRUE">16</rastbpp><vrtcount Sync="TRUE">1</vrtcount><rastorig Sync="TRUE">Upper Left</rastorig><rastcmap Sync="TRUE">FALSE</rastcmap><rastcomp Sync="TRUE">LZ77</rastcomp><rastband Sync="TRUE">1</rastband><rastdtyp Sync="TRUE">pixel codes</rastdtyp><rastifor Sync="TRUE">FGDBR</rastifor><rastplyr Sync="TRUE">TRUE</rastplyr></rastinfo></spdoinfo></metadata>
