<metadata xml:lang="en"><Esri><CreaDate>20231003</CreaDate><CreaTime>10530800</CreaTime><ArcGISFormat>1.0</ArcGISFormat><SyncOnce>FALSE</SyncOnce><DataProperties><lineage><Process ToolSource="c:\program files\arcgis\pro\Resources\ArcToolbox\toolboxes\Data Management Tools.tbx\Project" Date="20231003" Time="105308">Project DFO_OECM_MPO_AMCEZ C:\Users\gordonky\Documents\ArcGIS\Projects\OECMS\OECMS.gdb\DFO_OECM_MPO_AMCEZ_Project PROJCS["NAD_1927_UTM_Zone_20N",GEOGCS["GCS_North_American_1927",DATUM["D_North_American_1927",SPHEROID["Clarke_1866",6378206.4,294.9786982]],PRIMEM["Greenwich",0.0],UNIT["Degree",0.0174532925199433]],PROJECTION["Transverse_Mercator"],PARAMETER["False_Easting",500000.0],PARAMETER["False_Northing",0.0],PARAMETER["Central_Meridian",-63.0],PARAMETER["Scale_Factor",0.9996],PARAMETER["Latitude_Of_Origin",0.0],UNIT["Meter",1.0]] NAD_1927_To_NAD_1983_NTv2_Canada PROJCS["Canada_Albers_Equal_Area_Conic",GEOGCS["GCS_North_American_1983",DATUM["D_North_American_1983",SPHEROID["GRS_1980",6378137.0,298.257222101]],PRIMEM["Greenwich",0.0],UNIT["Degree",0.0174532925199433]],PROJECTION["Albers"],PARAMETER["False_Easting",0.0],PARAMETER["False_Northing",0.0],PARAMETER["Central_Meridian",-96.0],PARAMETER["Standard_Parallel_1",50.0],PARAMETER["Standard_Parallel_2",70.0],PARAMETER["Latitude_Of_Origin",40.0],UNIT["Meter",1.0]] NO_PRESERVE_SHAPE # NO_VERTICAL</Process><Process ToolSource="c:\program files\arcgis\pro\Resources\ArcToolbox\toolboxes\Conversion Tools.tbx\FeatureClassToFeatureClass" Date="20240718" Time="132002">FeatureClassToFeatureClass "Marine Refuge" C:\Users\gordonky\Documents\ArcGIS\Projects\OECMS\OECMS.gdb MarineRefuges_Maritimes # "NAME_E "NAME_E" true true false 254 Text 0 0,First,#,Marine Refuge,NAME_E,0,254;NAME_F "NAME_F" true true false 254 Text 0 0,First,#,Marine Refuge,NAME_F,0,254;OBJECTIVE "OBJECTIVE" true true false 254 Text 0 0,First,#,Marine Refuge,OBJECTIVE,0,254;OBJECTIF "OBJECTIF" true true false 254 Text 0 0,First,#,Marine Refuge,OBJECTIF,0,254;PROHIBITIO "PROHIBITIO" true true false 254 Text 0 0,First,#,Marine Refuge,PROHIBITIO,0,254;INTERDICTI "INTERDICTI" true true false 254 Text 0 0,First,#,Marine Refuge,INTERDICTI,0,254;REGION_E "REGION_E" true true false 50 Text 0 0,First,#,Marine Refuge,REGION_E,0,50;REGION_F "REGION_F" true true false 60 Text 0 0,First,#,Marine Refuge,REGION_F,0,60;URL_E "URL_E" true true false 254 Text 0 0,First,#,Marine Refuge,URL_E,0,254;URL_F "URL_F" true true false 254 Text 0 0,First,#,Marine Refuge,URL_F,0,254;KM2 "KM2" true true false 8 Double 0 0,First,#,Marine Refuge,KM2,-1,-1;Shape_Length "Shape_Length" false true true 8 Double 0 0,First,#,Marine Refuge,Shape_Length,-1,-1;Shape_Area "Shape_Area" false true true 8 Double 0 0,First,#,Marine Refuge,Shape_Area,-1,-1" #</Process><Process ToolSource="c:\program files\arcgis\pro\Resources\ArcToolbox\toolboxes\Conversion Tools.tbx\FeatureClassToFeatureClass" Date="20250120" Time="092417">FeatureClassToFeatureClass "Marine Refuge" "R:\Oceans &amp; Habitat\OCMD\CT\MPAs\Marine Refuges\Activity Approvals\Proposed Activity Plan Process for Maritimes Region\2024\Final Activity Plan\Marine Refuge Shapefile" MarineRefuge_SSBOF.shp # "NAME_E "NAME_E" true true false 254 Text 0 0,First,#,Marine Refuge,NAME_E,0,254;NAME_F "NAME_F" true true false 254 Text 0 0,First,#,Marine Refuge,NAME_F,0,254;OBJECTIVE "OBJECTIVE" true true false 254 Text 0 0,First,#,Marine Refuge,OBJECTIVE,0,254;OBJECTIF "OBJECTIF" true true false 254 Text 0 0,First,#,Marine Refuge,OBJECTIF,0,254;PROHIBITIO "PROHIBITIO" true true false 254 Text 0 0,First,#,Marine Refuge,PROHIBITIO,0,254;INTERDICTI "INTERDICTI" true true false 254 Text 0 0,First,#,Marine Refuge,INTERDICTI,0,254;REGION_E "REGION_E" true true false 50 Text 0 0,First,#,Marine Refuge,REGION_E,0,50;REGION_F "REGION_F" true true false 60 Text 0 0,First,#,Marine Refuge,REGION_F,0,60;URL_E "URL_E" true true false 254 Text 0 0,First,#,Marine Refuge,URL_E,0,254;URL_F "URL_F" true true false 254 Text 0 0,First,#,Marine Refuge,URL_F,0,254;KM2 "KM2" true true false 8 Double 0 0,First,#,Marine Refuge,KM2,-1,-1;Shape_Length "Shape_Length" false true true 8 Double 0 0,First,#,Marine Refuge,Shape_Length,-1,-1;Shape_Area "Shape_Area" false true true 8 Double 0 0,First,#,Marine Refuge,Shape_Area,-1,-1" #</Process></lineage><itemProps><itemName Sync="TRUE">MarineRefuge_SSBOF</itemName><imsContentType Sync="TRUE">002</imsContentType><itemLocation><linkage Sync="TRUE">file://\\ent.dfo-mpo.ca\ATLShares\Oceans &amp; Habitat\OCMD\CT\MPAs\Marine Refuges\Activity Approvals\Proposed Activity Plan Process for Maritimes Region\2024\Final Activity Plan\Marine Refuge Shapefile\MarineRefuge_SSBOF.shp</linkage><protocol Sync="TRUE">Local Area Network</protocol></itemLocation><itemSize Sync="TRUE">0.000</itemSize></itemProps><coordRef><type Sync="TRUE">Projected</type><geogcsn Sync="TRUE">GCS_North_American_1927</geogcsn><csUnits Sync="TRUE">Linear Unit: Meter (1.000000)</csUnits><projcsn Sync="TRUE">NAD_1927_UTM_Zone_20N</projcsn><peXml Sync="TRUE">&lt;ProjectedCoordinateSystem xsi:type='typens:ProjectedCoordinateSystem' xmlns:xsi='http://www.w3.org/2001/XMLSchema-instance' xmlns:xs='http://www.w3.org/2001/XMLSchema' xmlns:typens='http://www.esri.com/schemas/ArcGIS/2.9.0'&gt;&lt;WKT&gt;PROJCS[&amp;quot;NAD_1927_UTM_Zone_20N&amp;quot;,GEOGCS[&amp;quot;GCS_North_American_1927&amp;quot;,DATUM[&amp;quot;D_North_American_1927&amp;quot;,SPHEROID[&amp;quot;Clarke_1866&amp;quot;,6378206.4,294.9786982]],PRIMEM[&amp;quot;Greenwich&amp;quot;,0.0],UNIT[&amp;quot;Degree&amp;quot;,0.0174532925199433]],PROJECTION[&amp;quot;Transverse_Mercator&amp;quot;],PARAMETER[&amp;quot;False_Easting&amp;quot;,500000.0],PARAMETER[&amp;quot;False_Northing&amp;quot;,0.0],PARAMETER[&amp;quot;Central_Meridian&amp;quot;,-63.0],PARAMETER[&amp;quot;Scale_Factor&amp;quot;,0.9996],PARAMETER[&amp;quot;Latitude_Of_Origin&amp;quot;,0.0],UNIT[&amp;quot;Meter&amp;quot;,1.0],AUTHORITY[&amp;quot;EPSG&amp;quot;,26720]]&lt;/WKT&gt;&lt;XOrigin&gt;-5121000&lt;/XOrigin&gt;&lt;YOrigin&gt;-9998000&lt;/YOrigin&gt;&lt;XYScale&gt;450450052.74759901&lt;/XYScale&gt;&lt;ZOrigin&gt;-100000&lt;/ZOrigin&gt;&lt;ZScale&gt;10000&lt;/ZScale&gt;&lt;MOrigin&gt;-100000&lt;/MOrigin&gt;&lt;MScale&gt;10000&lt;/MScale&gt;&lt;XYTolerance&gt;0.001&lt;/XYTolerance&gt;&lt;ZTolerance&gt;0.001&lt;/ZTolerance&gt;&lt;MTolerance&gt;0.001&lt;/MTolerance&gt;&lt;HighPrecision&gt;true&lt;/HighPrecision&gt;&lt;WKID&gt;26720&lt;/WKID&gt;&lt;LatestWKID&gt;26720&lt;/LatestWKID&gt;&lt;/ProjectedCoordinateSystem&gt;</peXml></coordRef></DataProperties><SyncDate>20250120</SyncDate><SyncTime>09241600</SyncTime><ModDate>20250120</ModDate><ModTime>09241600</ModTime></Esri><dataIdInfo><envirDesc Sync="TRUE">Microsoft Windows 10 Version 10.0 (Build 22631) ; Esri ArcGIS 12.9.7.32739</envirDesc><dataLang><languageCode value="eng" Sync="TRUE"></languageCode><countryCode value="USA" Sync="TRUE"></countryCode></dataLang><idCitation><resTitle Sync="TRUE">MarineRefuge_SSBOF</resTitle><presForm><PresFormCd value="005" Sync="TRUE"></PresFormCd></presForm></idCitation><spatRpType><SpatRepTypCd value="001" Sync="TRUE"></SpatRepTypCd></spatRpType></dataIdInfo><mdLang><languageCode value="eng" Sync="TRUE"></languageCode><countryCode value="USA" Sync="TRUE"></countryCode></mdLang><distInfo><distFormat><formatName Sync="TRUE">Shapefile</formatName></distFormat><distTranOps><transSize Sync="TRUE">0.000</transSize></distTranOps></distInfo><mdHrLv><ScopeCd value="005" Sync="TRUE"></ScopeCd></mdHrLv><mdHrLvName Sync="TRUE">dataset</mdHrLvName><refSysInfo><RefSystem><refSysID><identCode code="26720" Sync="TRUE"></identCode><idCodeSpace Sync="TRUE">EPSG</idCodeSpace><idVersion Sync="TRUE">2.1(3.0.1)</idVersion></refSysID></RefSystem></refSysInfo><spatRepInfo><VectSpatRep><geometObjs Name="MarineRefuge_SSBOF"><geoObjTyp><GeoObjTypCd value="002" Sync="TRUE"></GeoObjTypCd></geoObjTyp><geoObjCnt Sync="TRUE">0</geoObjCnt></geometObjs><topLvl><TopoLevCd value="001" Sync="TRUE"></TopoLevCd></topLvl></VectSpatRep></spatRepInfo><spdoinfo><ptvctinf><esriterm Name="MarineRefuge_SSBOF"><efeatyp Sync="TRUE">Simple</efeatyp><efeageom code="4" Sync="TRUE"></efeageom><esritopo Sync="TRUE">FALSE</esritopo><efeacnt Sync="TRUE">0</efeacnt><spindex Sync="TRUE">FALSE</spindex><linrefer Sync="TRUE">FALSE</linrefer></esriterm></ptvctinf></spdoinfo><eainfo><detailed Name="MarineRefuge_SSBOF"><enttyp><enttypl Sync="TRUE">MarineRefuge_SSBOF</enttypl><enttypt Sync="TRUE">Feature Class</enttypt><enttypc Sync="TRUE">0</enttypc></enttyp><attr><attrlabl Sync="TRUE">FID</attrlabl><attalias Sync="TRUE">FID</attalias><attrtype Sync="TRUE">OID</attrtype><attwidth Sync="TRUE">4</attwidth><atprecis Sync="TRUE">0</atprecis><attscale Sync="TRUE">0</attscale><attrdef Sync="TRUE">Internal feature number.</attrdef><attrdefs Sync="TRUE">Esri</attrdefs><attrdomv><udom Sync="TRUE">Sequential unique whole numbers that are automatically generated.</udom></attrdomv></attr><attr><attrlabl Sync="TRUE">Shape</attrlabl><attalias Sync="TRUE">Shape</attalias><attrtype Sync="TRUE">Geometry</attrtype><attwidth Sync="TRUE">0</attwidth><atprecis Sync="TRUE">0</atprecis><attscale Sync="TRUE">0</attscale><attrdef Sync="TRUE">Feature geometry.</attrdef><attrdefs Sync="TRUE">Esri</attrdefs><attrdomv><udom Sync="TRUE">Coordinates defining the features.</udom></attrdomv></attr><attr><attrlabl Sync="TRUE">NAME_E</attrlabl><attalias Sync="TRUE">NAME_E</attalias><attrtype Sync="TRUE">String</attrtype><attwidth Sync="TRUE">254</attwidth><atprecis Sync="TRUE">0</atprecis><attscale Sync="TRUE">0</attscale></attr><attr><attrlabl Sync="TRUE">NAME_F</attrlabl><attalias Sync="TRUE">NAME_F</attalias><attrtype Sync="TRUE">String</attrtype><attwidth Sync="TRUE">254</attwidth><atprecis Sync="TRUE">0</atprecis><attscale Sync="TRUE">0</attscale></attr><attr><attrlabl Sync="TRUE">OBJECTIVE</attrlabl><attalias Sync="TRUE">OBJECTIVE</attalias><attrtype Sync="TRUE">String</attrtype><attwidth Sync="TRUE">254</attwidth><atprecis Sync="TRUE">0</atprecis><attscale Sync="TRUE">0</attscale></attr><attr><attrlabl Sync="TRUE">OBJECTIF</attrlabl><attalias Sync="TRUE">OBJECTIF</attalias><attrtype Sync="TRUE">String</attrtype><attwidth Sync="TRUE">254</attwidth><atprecis Sync="TRUE">0</atprecis><attscale Sync="TRUE">0</attscale></attr><attr><attrlabl Sync="TRUE">PROHIBITIO</attrlabl><attalias Sync="TRUE">PROHIBITIO</attalias><attrtype Sync="TRUE">String</attrtype><attwidth Sync="TRUE">254</attwidth><atprecis Sync="TRUE">0</atprecis><attscale Sync="TRUE">0</attscale></attr><attr><attrlabl Sync="TRUE">INTERDICTI</attrlabl><attalias Sync="TRUE">INTERDICTI</attalias><attrtype Sync="TRUE">String</attrtype><attwidth Sync="TRUE">254</attwidth><atprecis Sync="TRUE">0</atprecis><attscale Sync="TRUE">0</attscale></attr><attr><attrlabl Sync="TRUE">REGION_E</attrlabl><attalias Sync="TRUE">REGION_E</attalias><attrtype Sync="TRUE">String</attrtype><attwidth Sync="TRUE">50</attwidth><atprecis Sync="TRUE">0</atprecis><attscale Sync="TRUE">0</attscale></attr><attr><attrlabl Sync="TRUE">REGION_F</attrlabl><attalias Sync="TRUE">REGION_F</attalias><attrtype Sync="TRUE">String</attrtype><attwidth Sync="TRUE">60</attwidth><atprecis Sync="TRUE">0</atprecis><attscale Sync="TRUE">0</attscale></attr><attr><attrlabl Sync="TRUE">URL_E</attrlabl><attalias Sync="TRUE">URL_E</attalias><attrtype Sync="TRUE">String</attrtype><attwidth Sync="TRUE">254</attwidth><atprecis Sync="TRUE">0</atprecis><attscale Sync="TRUE">0</attscale></attr><attr><attrlabl Sync="TRUE">URL_F</attrlabl><attalias Sync="TRUE">URL_F</attalias><attrtype Sync="TRUE">String</attrtype><attwidth Sync="TRUE">254</attwidth><atprecis Sync="TRUE">0</atprecis><attscale Sync="TRUE">0</attscale></attr><attr><attrlabl Sync="TRUE">KM2</attrlabl><attalias Sync="TRUE">KM2</attalias><attrtype Sync="TRUE">Double</attrtype><attwidth Sync="TRUE">19</attwidth><atprecis Sync="TRUE">0</atprecis><attscale Sync="TRUE">0</attscale></attr><attr><attrlabl Sync="TRUE">Shape_Leng</attrlabl><attalias Sync="TRUE">Shape_Leng</attalias><attrtype Sync="TRUE">Double</attrtype><attwidth Sync="TRUE">19</attwidth><atprecis Sync="TRUE">0</atprecis><attscale Sync="TRUE">0</attscale></attr><attr><attrlabl Sync="TRUE">Shape_Area</attrlabl><attalias Sync="TRUE">Shape_Area</attalias><attrtype Sync="TRUE">Double</attrtype><attwidth Sync="TRUE">19</attwidth><atprecis Sync="TRUE">0</atprecis><attscale Sync="TRUE">0</attscale><attrdef Sync="TRUE">Area of feature in internal units squared.</attrdef><attrdefs Sync="TRUE">Esri</attrdefs><attrdomv><udom Sync="TRUE">Positive real numbers that are automatically generated.</udom></attrdomv></attr></detailed></eainfo><mdDateSt Sync="TRUE">20250120</mdDateSt></metadata>
